date,open,high,low,close,volume
2023-01-03,28.53,28.47,28.41,28.43,480861
2023-01-04,27.65,27.75,27.62,27.68,517382
2023-01-05,27.82,28.06,27.65,27.8,389251
2023-01-06,27.31,27.36,27.02,27.3,484051
2023-01-09,27.64,27.89,27.5,27.57,631010
2023-01-10,27.57,27.54,27.41,27.46,333016
2023-01-11,27.66,28.09,27.17,27.75,362628
2023-01-12,28.31,28.34,27.92,28.19,349669
2023-01-13,28.27,28.23,28.13,28.16,595762
2023-01-16,28.26,28.49,28.24,28.35,392394
2023-01-17,28.44,28.23,28.06,28.11,377106
2023-01-18,27.64,27.74,27.25,27.57,625372
2023-01-19,28.21,28.3,27.96,28.28,642934
2023-01-20,27.51,27.56,27.5,27.56,608544
2023-01-23,27.77,28.37,27.71,27.85,415730
2023-01-24,27.43,27.65,27.32,27.44,612395
2023-01-25,26.95,27.16,26.7,27.09,414839
2023-01-26,27.34,27.57,27.3,27.31,525195
2023-01-27,27.71,28.05,27.79,27.85,635507
2023-01-30,28.32,28.32,28.04,28.05,446168
2023-01-31,28.7,28.89,28.74,28.86,477345
2023-02-01,29.26,29.8,29.44,29.61,606644
2023-02-02,29.91,30.04,29.76,29.91,758731
2023-02-03,29.29,29.45,29.03,29.35,445362
2023-02-06,29.24,29.71,29.36,29.41,632779
2023-02-07,29.62,29.96,29.36,29.42,304510
2023-02-08,29.12,29.44,28.96,29.37,648592
2023-02-09,29.7,30.05,29.52,29.69,421752
2023-02-10,29.32,29.08,28.99,29.03,408346
2023-02-13,29.25,29.57,29.11,29.21,623594
2023-02-14,30.05,29.99,29.71,29.98,577548
2023-02-15,30.26,30.42,29.98,30.25,604973
2023-02-16,31.29,31.11,30.88,30.95,536555
2023-02-17,30.82,30.83,30.43,30.8,577906
2023-02-20,31.52,31.6,31.04,31.47,534460
2023-02-21,30.98,31.35,30.98,31.14,577732
2023-02-22,31.03,31.4,30.92,31.04,388207
2023-02-23,31.4,31.46,31.19,31.34,652259
2023-02-24,31.29,31.04,30.94,30.94,220654
2023-02-27,31.64,31.42,31.32,31.34,498714
2023-02-28,32.53,32.73,32.52,32.61,396396
2023-03-01,32.32,32.73,32.61,32.66,800370
2023-03-02,32.62,33.03,32.31,32.57,974741
2023-03-03,32.15,32.46,31.93,32.07,604001
2023-03-06,32.76,32.89,32.41,32.83,686033
2023-03-07,33.34,33.63,33.1,33.11,818982
2023-03-08,33.32,33.54,33.12,33.46,507037
2023-03-09,33.58,33.93,33.64,33.77,383332
2023-03-10,33.02,33.25,32.46,33.08,567481
2023-03-13,33.92,34.01,33.72,33.99,388339
2023-03-14,33.67,34.0,33.32,33.59,999540
2023-03-15,33.54,33.75,33.5,33.58,847425
2023-03-16,34.58,34.89,34.39,34.5,617477
2023-03-17,33.66,34.28,33.16,33.67,484519
2023-03-20,33.55,34.1,33.56,33.89,549378
2023-03-21,34.1,34.4,33.91,34.13,702389
2023-03-22,33.96,34.24,33.91,34.06,175139
2023-03-23,34.04,34.23,34.06,34.16,555770
2023-03-24,35.12,35.24,35.09,35.23,489536
2023-03-27,34.75,34.47,34.42,34.44,641521
2023-03-28,34.89,35.29,34.9,35.09,546794
2023-03-29,35.46,35.58,34.8,35.36,214590
2023-03-30,35.81,35.84,35.73,35.73,558579
2023-03-31,34.65,34.74,34.21,34.42,785472
2023-04-03,35.21,36.14,35.33,35.55,742040
2023-04-04,35.84,36.05,35.15,35.73,216327
2023-04-05,35.84,36.14,35.89,35.92,706024
2023-04-06,34.87,35.1,34.51,35.02,531597
2023-04-07,35.17,35.35,34.97,35.15,358434
2023-04-10,36.16,36.51,36.23,36.28,382345
2023-04-11,37.06,37.14,36.96,37.09,592461
2023-04-12,37.18,37.25,36.97,37.03,600857
2023-04-13,36.82,37.21,36.68,36.96,352326
2023-04-14,37.98,37.56,37.08,37.55,503633
2023-04-17,36.24,36.62,36.49,36.51,462426
2023-04-18,36.57,36.85,36.49,36.71,768002
2023-04-19,36.79,36.86,36.51,36.62,397296
2023-04-20,37.2,37.16,36.72,36.95,417427
2023-04-21,37.94,37.95,37.59,37.71,623356
2023-04-24,37.6,38.08,37.55,37.72,361417
2023-04-25,37.36,37.37,36.66,37.29,526086
2023-04-26,36.8,37.22,36.73,36.91,399497
2023-04-27,37.27,37.84,37.29,37.39,510481
2023-04-28,37.58,37.55,37.2,37.54,452751
2023-05-01,37.0,36.94,36.58,36.73,387881
2023-05-02,36.76,36.78,36.74,36.76,242819
2023-05-03,37.74,37.51,36.98,37.32,452154
2023-05-04,36.98,37.31,36.73,37.3,572865
2023-05-05,36.08,37.08,35.74,36.33,660353
2023-05-08,35.88,35.84,35.44,35.77,334705
2023-05-09,36.65,36.92,36.41,36.63,503706
2023-05-10,37.48,37.62,37.22,37.58,414082
2023-05-11,38.25,38.2,38.05,38.08,420725
2023-05-12,37.98,38.06,37.54,38.0,447380
2023-05-15,37.36,37.5,37.12,37.3,214758
2023-05-16,38.21,38.41,37.77,38.01,299829
2023-05-17,38.22,37.99,37.66,37.97,724816
2023-05-18,36.39,37.05,36.39,36.63,441704
2023-05-19,36.74,36.93,36.66,36.73,383490
2023-05-22,37.5,37.74,37.49,37.59,515948
2023-05-23,37.64,37.54,37.18,37.49,712106
2023-05-24,37.84,37.88,37.41,37.66,545503
2023-05-25,37.64,38.08,37.8,37.82,503577
2023-05-26,36.77,36.55,36.42,36.55,522691
2023-05-29,36.9,37.17,36.86,37.17,354539
2023-05-30,36.37,36.45,36.2,36.26,511014
2023-05-31,36.91,37.27,36.77,36.96,420075
2023-06-01,35.89,36.08,35.55,35.89,426021
2023-06-02,36.63,37.29,36.55,36.6,414371
2023-06-05,37.52,37.82,37.45,37.53,441796
2023-06-06,37.39,37.59,36.79,37.2,619724
2023-06-07,36.51,37.08,35.9,36.48,364366
2023-06-08,35.91,36.04,35.66,35.92,663296
2023-06-09,34.74,35.52,34.52,34.95,287953
2023-06-12,34.34,35.07,34.71,34.79,465694
2023-06-13,35.66,36.25,35.85,35.93,595735
2023-06-14,35.72,36.35,35.73,35.79,582540
2023-06-15,35.44,35.86,35.39,35.48,524947
2023-06-16,36.04,35.87,35.61,35.73,333830
2023-06-19,37.3,36.93,36.63,36.85,523253
2023-06-20,37.8,38.02,37.27,37.77,421202
2023-06-21,36.98,37.4,36.84,36.87,558600
2023-06-22,36.58,36.92,36.39,36.68,345041
2023-06-23,36.52,36.56,36.3,36.56,385951
2023-06-26,36.65,36.71,36.51,36.57,252197
2023-06-27,36.04,36.41,36.14,36.33,523876
2023-06-28,37.21,37.18,37.1,37.13,537067
2023-06-29,37.44,37.61,37.54,37.59,474434
2023-06-30,38.35,38.51,38.4,38.45,618077
2023-07-03,37.67,38.14,37.58,37.87,530890
2023-07-04,37.89,38.06,37.65,37.97,566449
2023-07-05,37.46,37.73,37.17,37.36,528181
2023-07-06,36.84,36.94,36.69,36.84,518561
2023-07-07,35.76,36.0,35.75,35.95,476797
2023-07-10,34.75,34.95,34.52,34.76,350932
2023-07-11,34.21,34.22,33.52,34.18,599664
2023-07-12,34.06,34.13,33.95,34.0,664122
2023-07-13,34.05,34.21,33.89,34.02,733430
2023-07-14,33.48,34.12,33.6,33.83,549469
2023-07-17,32.83,33.34,32.49,33.01,585262
2023-07-18,32.19,32.7,32.2,32.24,564828
2023-07-19,32.66,32.69,32.34,32.68,575038
2023-07-20,32.28,32.72,32.07,32.35,438615
2023-07-21,32.32,32.64,32.3,32.37,602320
2023-07-24,33.44,34.0,33.45,33.63,1062808
2023-07-25,33.18,33.01,32.73,32.92,563036
2023-07-26,32.03,32.15,31.94,32.08,316971
2023-07-27,31.59,31.78,31.66,31.67,610283
2023-07-28,31.35,31.57,30.95,31.14,414026
2023-07-31,32.32,32.59,32.16,32.46,536505
2023-08-01,31.89,32.39,31.53,31.78,719019
2023-08-02,31.79,31.98,31.66,31.73,631362
2023-08-03,31.66,32.13,31.76,31.77,172514
2023-08-04,31.69,31.74,31.23,31.38,778813
2023-08-07,31.23,31.18,30.9,31.07,437189
2023-08-08,30.92,31.54,30.97,31.0,517987
2023-08-09,31.15,31.58,31.27,31.33,458260
2023-08-10,32.25,32.59,32.37,32.4,453288
2023-08-11,32.79,33.17,32.64,33.02,456493
2023-08-14,33.75,34.61,33.74,34.06,486488
2023-08-15,33.64,34.19,33.11,33.97,415097
2023-08-16,33.8,34.25,33.94,34.0,439809
2023-08-17,33.73,33.56,33.34,33.49,401537
2023-08-18,33.3,33.33,33.23,33.31,265673
2023-08-21,33.28,33.79,33.29,33.55,674150
2023-08-22,33.19,33.78,33.4,33.47,337445
2023-08-23,33.91,34.14,33.64,33.94,473454
2023-08-24,32.9,33.42,33.2,33.33,575399
2023-08-25,32.59,33.2,32.55,32.85,678143
2023-08-28,31.87,32.09,31.77,31.92,251679
2023-08-29,32.14,32.09,31.71,32.04,955357
2023-08-30,31.28,31.11,30.84,31.1,623275
2023-08-31,31.21,31.73,31.35,31.53,756425
2023-09-01,31.95,31.9,31.59,31.83,646289
2023-09-04,30.97,31.09,30.86,30.91,643585
2023-09-05,30.46,30.39,29.82,30.36,630584
2023-09-06,30.37,30.54,29.92,30.36,683596
2023-09-07,29.78,30.03,29.67,29.89,664718
2023-09-08,29.82,29.73,29.53,29.53,546372
2023-09-11,29.86,30.22,30.02,30.04,414334
2023-09-12,30.47,30.51,30.15,30.5,470309
2023-09-13,31.42,31.37,30.83,31.21,562128
2023-09-14,30.27,30.02,29.91,30.01,390651
2023-09-15,29.6,29.92,29.45,29.7,284611
2023-09-18,28.93,29.53,28.81,29.16,421826
2023-09-19,28.8,29.09,28.7,28.81,435203
2023-09-20,28.64,28.94,28.52,28.58,112094
2023-09-21,28.3,28.74,28.15,28.25,398855
2023-09-22,28.3,28.75,28.39,28.52,460746
2023-09-25,29.02,28.87,28.72,28.74,437837
2023-09-26,28.47,29.15,28.12,28.52,323597
2023-09-27,29.0,29.5,29.18,29.21,562846
2023-09-28,28.58,29.16,28.65,28.89,585074
2023-09-29,28.84,29.61,29.06,29.14,374581
2023-10-02,28.89,29.26,28.95,29.18,450507
2023-10-03,29.64,30.06,29.25,29.7,664640
2023-10-04,30.75,30.91,30.44,30.62,381517
2023-10-05,29.83,30.07,29.75,29.83,413191
2023-10-06,29.64,29.69,29.39,29.63,536908
2023-10-09,29.88,29.77,29.41,29.6,409813
2023-10-10,30.15,30.48,29.62,30.26,404623
2023-10-11,30.8,30.75,30.58,30.7,365162
2023-10-12,30.28,30.59,30.25,30.3,525680
2023-10-13,30.14,30.13,29.69,29.91,606696
2023-10-16,29.92,30.18,29.87,30.02,693407
2023-10-17,31.01,31.44,30.95,30.95,562453
2023-10-18,30.93,31.12,30.93,30.96,763847
2023-10-19,31.09,31.08,30.84,31.06,543743
2023-10-20,30.86,31.34,31.03,31.04,531522
2023-10-23,30.43,30.61,30.2,30.39,484979
2023-10-24,30.6,31.11,30.36,30.62,551788
2023-10-25,30.52,30.84,30.56,30.59,339710
2023-10-26,30.88,30.83,30.49,30.78,610200
2023-10-27,30.74,31.18,30.74,30.97,931851
2023-10-30,30.33,30.43,30.29,30.37,412392
2023-10-31,29.34,29.6,29.04,29.36,397370
2023-11-01,29.14,29.06,28.87,29.01,442073
2023-11-02,29.08,29.44,28.98,29.13,561313
2023-11-03,29.26,29.36,29.27,29.32,701916
2023-11-06,29.65,29.93,29.54,29.82,400420
2023-11-07,29.87,29.8,29.48,29.7,500539
2023-11-08,28.52,28.74,28.04,28.63,417630
2023-11-09,28.24,28.4,28.23,28.32,725374
2023-11-10,28.72,29.21,28.66,28.95,377808
2023-11-13,29.57,30.29,29.62,29.75,478399
2023-11-14,29.66,30.07,29.47,29.67,594052
2023-11-15,29.55,29.73,29.53,29.54,632608
2023-11-16,29.02,29.15,28.97,29.05,472207
2023-11-17,29.11,29.21,28.86,29.05,335734
2023-11-20,29.71,29.72,29.36,29.67,525091
2023-11-21,29.98,30.36,29.99,30.08,409102
2023-11-22,29.56,29.74,29.49,29.56,426296
2023-11-23,29.02,29.26,29.06,29.18,477248
2023-11-24,29.17,29.29,28.85,29.05,506134
2023-11-27,29.25,29.25,29.12,29.12,748401
2023-11-28,29.12,29.28,28.97,29.17,330754
2023-11-29,29.79,30.03,29.23,29.66,528153
2023-11-30,29.52,30.11,29.47,29.69,410279
2023-12-01,29.58,29.8,29.53,29.56,377921
2023-12-04,30.48,30.76,30.11,30.43,468877
2023-12-05,30.56,30.82,30.41,30.66,397460
2023-12-06,31.05,31.08,30.77,30.96,656089
2023-12-07,31.39,31.67,31.28,31.47,460717
2023-12-08,30.51,30.52,30.28,30.45,579122
2023-12-11,29.64,29.96,29.63,29.71,525053
2023-12-12,28.79,29.12,28.71,29.11,607499
2023-12-13,28.23,28.56,28.11,28.43,440171
2023-12-14,28.19,28.45,28.13,28.23,613652
2023-12-15,28.95,28.9,28.71,28.8,765278
2023-12-18,29.28,29.57,28.94,29.16,336472
2023-12-19,28.5,28.59,28.2,28.58,630100
2023-12-20,28.18,28.37,27.94,28.25,653516
2023-12-21,28.54,28.43,27.97,28.36,368471
2023-12-22,29.04,29.19,29.04,29.04,660956
2023-12-25,28.58,28.56,28.34,28.46,468442
2023-12-26,29.03,29.15,28.72,28.98,289987
2023-12-27,29.1,29.25,29.12,29.2,463971
2023-12-28,28.36,28.84,28.2,28.46,671734
2023-12-29,28.72,28.93,28.41,28.76,343025
2024-01-01,29.02,29.4,29.13,29.21,685872
2024-01-02,29.31,29.85,29.34,29.52,427605
